SKU_ID,Unique_SKU_Name,In_Purchase,In_Sales,In_Credit_Note,In_Godown,Source_Count,Coverage_Status
"CHE001","Carbendazim 12 %+Mancozeb 63%","Yes","No","No","No",1,"Single Source Only"
"CHE002","DELTAMETHRIN 2.5% WP","Yes","No","No","No",1,"Single Source Only"
"OIN002","Humic 98% (Krishi Vardhnam)","No","No","No","Yes",1,"Single Source Only"
"PAC001","Cartoons","No","No","No","Yes",1,"Single Source Only"
"PAC002","FB-PP/HDPP WOVEN SACKS","Yes","No","No","No",1,"Single Source Only"
"PAC004","Hessian Bags","No","No","No","Yes",1,"Single Source Only"
"PAC005","Humic Packing Bag","No","No","No","Yes",1,"Single Source Only"
"PAC007","Outer Bag","No","No","No","Yes",1,"Single Source Only"
"PAC010","Packing Material","No","No","No","Yes",1,"Single Source Only"
"PAC011","Paddy Pouch 6kg Blue — 6 Kg","Yes","No","No","No",1,"Single Source Only"
"PAC012","Paddy Pouch 6kg Green — 6 Kg","Yes","No","No","No",1,"Single Source Only"
"PAC014","Peddy Packing Bag 6Kg — 6 Kg","No","No","No","Yes",1,"Single Source Only"
"PAC015","Poly Pouch-Mumtaj Hybrid Paddy","No","No","No","Yes",1,"Single Source Only"
"PAC016","Poly Pouch-Mustard (Lakshmi)","No","No","No","Yes",1,"Single Source Only"
"PAC017","Poly Pouch-Mustard (Nidhi)","No","No","No","Yes",1,"Single Source Only"
"PAC018","Printed Laminated Pouch (White King)","Yes","No","No","No",1,"Single Source Only"
"PAC019","RUBBER STEREO","No","No","No","Yes",1,"Single Source Only"
"BAJ001","Bajra 90 — Not Available","No","No","No","Yes",1,"Single Source Only"
"BAJ004","Bajra — Not Available","No","No","No","Yes",1,"Single Source Only"
"OTH001","Beet Root — Not Available","No","No","No","Yes",1,"Single Source Only"
"OTH002","Bittergourd Hyabhi — 50 Gm × 10 Pc","No","No","No","Yes",1,"Single Source Only"
"OTH003","Bottlegourd Hynanda — 50 Gm × 10 Pc","No","No","No","Yes",1,"Single Source Only"
"OTH004","Bottlegourd Nanda — Not Available","No","No","No","Yes",1,"Single Source Only"
"OTH005","Brinjal VM Super 7070 — 25 Gm × 20 Pc","No","No","No","Yes",1,"Single Source Only"
"MAI005","Maize Hy. Sultan 8199 — 4 Kg × 10 Pc","Yes","No","No","No",1,"Single Source Only"
"MAI006","Maize Hy. Sultan Plus — 1 Kg × 40 Pc","Yes","No","No","No",1,"Single Source Only"
"MAI007","Maize Hy.sultan 8199 — 1 Kg × 32 Pc","No","No","No","Yes",1,"Single Source Only"
"MAI008","Maize Hy.sultan 8199 — 1 Kg × 40 Pc","Yes","No","No","No",1,"Single Source Only"
"MAI009","Maize Hy.sultan 8199 — 4 Kg × 8 Pc","No","No","No","Yes",1,"Single Source Only"
"MAI010","Maize Hy.sultan Plus — 4 Kg × 10 Pc","Yes","No","No","No",1,"Single Source Only"
"MAT002","Matar VM 10 — 1 Kg × 30 Pc","No","No","No","Yes",1,"Single Source Only"
"MUS002","Mustard Hylakshmi 1246 — 500 Gm × 50 Pc","Yes","No","No","No",1,"Single Source Only"
"OTH006","Okra Kasturi — Not Available","No","No","No","Yes",1,"Single Source Only"
"PAD001","Paddy 1509 — 6 Kg × 4 Pc","No","No","No","Yes",1,"Single Source Only"
"PAD002","Paddy 1509 — Not Available","No","No","No","Yes",1,"Single Source Only"
"PAD003","Paddy 1692 Foundation — Not Available","Yes","No","No","No",1,"Single Source Only"
"PAD006","Paddy Aman — 6 Kg × 4 Pc","No","No","No","Yes",1,"Single Source Only"
"PAD008","Paddy Basmati — Not Available","No","No","No","Yes",1,"Single Source Only"
"PAD010","Paddy Hy. Shankhnaad — 3 Kg × 10 Pc","No","No","No","Yes",1,"Single Source Only"
"PAD014","Paddy Namo 369 — 3 Kg × 12 Pc","No","No","No","Yes",1,"Single Source Only"
"PAD017","Paddy PB 1692 — Not Available","Yes","No","No","No",1,"Single Source Only"
"PAD018","Paddy Research — Not Available","No","No","No","Yes",1,"Single Source Only"
"PAD020","Paddy Saurabh — Not Available","No","No","No","Yes",1,"Single Source Only"
"PAD022","Paddy Sugandha 5 — 6 Kg × 5 Pc","No","No","Yes","No",1,"Single Source Only"
"PAD024","Paddy Taj — Not Available","Yes","No","No","No",1,"Single Source Only"
"PAD025","Paddy — Not Available","No","No","No","Yes",1,"Single Source Only"
"OTH007","Pumpkin Super Top — Not Available","No","No","No","Yes",1,"Single Source Only"
"OTH008","Radish — Not Available","No","No","No","Yes",1,"Single Source Only"
"SSG002","SSG SUGAR GREEN — 4 Kg × 10 Pc","No","No","No","Yes",1,"Single Source Only"
"SSG003","SSG SWEETY — 4 Kg × 10 Pc","No","No","No","Yes",1,"Single Source Only"
"SSG005","SSG — Not Available","No","No","No","Yes",1,"Single Source Only"
"OTH009","Spongegourd Hy. Ankita — 50 Gm × 10 Pc","No","No","No","Yes",1,"Single Source Only"
"OTH011","Watermelon Black Wonder — 50 Gm × 10 Pc","No","No","No","Yes",1,"Single Source Only"
"OTH012","Watermelon Hy Yug — 50 Gm × 10 Pc","No","No","No","Yes",1,"Single Source Only"
"WHE001","Wheat Breeder Dbw 187 — Not Available","Yes","No","No","No",1,"Single Source Only"
"WHE002","Wheat Breeder HD 2967 — Not Available","Yes","No","No","No",1,"Single Source Only"
"WHE003","Wheat Breeder PBW 502 — Not Available","Yes","No","No","No",1,"Single Source Only"
"WHE005","Wheat DBW 187 — Not Available","No","Yes","No","No",1,"Single Source Only"
"WHE007","Wheat — Not Available","No","No","No","Yes",1,"Single Source Only"
"TRT001","Seed Caoting Polymer","Yes","No","No","No",1,"Single Source Only"
"TRT002","Thairam","Yes","No","No","No",1,"Single Source Only"
"UNC001","Bio Seeds","No","No","No","Yes",1,"Single Source Only"
"UNC002","Breeder Seed Dbw 371","Yes","No","No","No",1,"Single Source Only"
"UNC003","Pulse","No","No","No","Yes",1,"Single Source Only"
"UNC004","Seeds","No","No","No","Yes",1,"Single Source Only"
"UNC006","Vegetable Seeds","No","No","No","Yes",1,"Single Source Only"
"OIN001","Floor Mill Machinaert Conveyor (Treator)","Yes","No","No","Yes",2,"Partial Traceability"
"PAC003","Flexible Laminated Printed Material","Yes","No","No","Yes",2,"Partial Traceability"
"PAC006","Laminated Sheets Packing Material","Yes","No","No","Yes",2,"Partial Traceability"
"PAC008","P.P/HDPE BAGS","Yes","No","No","Yes",2,"Partial Traceability"
"PAC009","Packing Bag","Yes","No","No","Yes",2,"Partial Traceability"
"PAC013","Paddy Sharbati Cylinder","Yes","No","No","Yes",2,"Partial Traceability"
"BAJ002","Bajra Vardhnam 1107 — 1.5 Kg × 30 Pc","Yes","Yes","Yes","Yes",4,"Complete Traceability"
"BAJ003","Bajra Vardhnam 9090 — 1.5 Kg × 30 Pc","Yes","Yes","Yes","Yes",4,"Complete Traceability"
"MAI001","Maize Basant Gold 9180 — 4 Kg × 10 Pc","Yes","Yes","Yes","Yes",4,"Complete Traceability"
"MAI002","Maize Bulk","Yes","Yes","No","Yes",3,"Missing Credit Note"
"MAI003","Maize Chanakya 4590 — 4 Kg × 10 Pc","Yes","Yes","Yes","Yes",4,"Complete Traceability"
"MAI004","Maize Chanakya 4590 — 4 Kg × 8 Pc","No","No","Yes","Yes",2,"Partial Traceability"
"MAI011","Maize SULTAN 8199 — Not Available","No","Yes","No","Yes",2,"Partial Traceability"
"MAI012","Maize Sultan 8199 — 1 Kg × 40 Pc","Yes","Yes","No","Yes",3,"Missing Credit Note"
"MAI013","Maize Sultan 8199 — 4 Kg × 10 Pc","Yes","No","No","Yes",2,"Partial Traceability"
"MAI014","Maize Sultan Plus — 1 Kg × 40 Pc","Yes","Yes","No","Yes",3,"Missing Credit Note"
"MAI015","Maize Sultan Plus — 4 Kg × 10 Pc","Yes","No","No","Yes",2,"Partial Traceability"
"MAI016","Maize — Not Available","Yes","No","No","Yes",2,"Partial Traceability"
"MAS001","Masoor Bulk","Yes","Yes","No","Yes",3,"Missing Credit Note"
"MAT001","Matar Bulk","Yes","Yes","No","Yes",3,"Missing Credit Note"
"MUN001","Mung Bulk","Yes","Yes","No","Yes",3,"Missing Credit Note"
"MUS001","Mustard Bulk","Yes","Yes","No","No",2,"Partial Traceability"
"MUS003","Mustard Research — Not Available","Yes","Yes","No","No",2,"Partial Traceability"
"MUS004","Mustard VM Lakshmi 1246 — 1 Kg × 30 Pc","Yes","Yes","Yes","No",3,"Missing Godown"
"MUS005","Mustard VM Nidhi — 1 Kg × 30 Pc","Yes","Yes","Yes","No",3,"Missing Godown"
"MUS006","Mustard — Not Available","Yes","Yes","No","Yes",3,"Missing Credit Note"
"PAD004","Paddy Adiyogi — 6 Kg × 5 Pc","No","Yes","Yes","No",2,"Partial Traceability"
"PAD005","Paddy Aman Plus — 6 Kg × 5 Pc","No","Yes","Yes","No",2,"Partial Traceability"
"PAD007","Paddy Aman — Not Available","Yes","No","No","Yes",2,"Partial Traceability"
"PAD009","Paddy Damini — Not Available","Yes","Yes","No","Yes",3,"Missing Credit Note"
"PAD011","Paddy MPV 7029 — Not Available","Yes","Yes","No","Yes",3,"Missing Credit Note"
"PAD012","Paddy Mumtaj — 3 Kg × 10 Pc","No","Yes","Yes","No",2,"Partial Traceability"
"PAD013","Paddy Namo 369 — 3 Kg × 10 Pc","Yes","Yes","Yes","No",3,"Missing Godown"
"PAD015","Paddy PB 1509 — 6 Kg × 5 Pc","No","Yes","Yes","No",2,"Partial Traceability"
"PAD016","Paddy PB 1692 — 6 Kg × 5 Pc","Yes","Yes","Yes","No",3,"Missing Godown"
"PAD019","Paddy Sampurna — Not Available","Yes","No","No","Yes",2,"Partial Traceability"
"PAD021","Paddy Sharbati — 3 Kg × 10 Pc","Yes","Yes","Yes","No",3,"Missing Godown"
"PAD023","Paddy Super Damini — 6 Kg × 5 Pc","No","Yes","Yes","No",2,"Partial Traceability"
"SSG001","SSG RED KING — 4 Kg × 10 Pc","Yes","Yes","Yes","Yes",4,"Complete Traceability"
"SSG004","SSG WHITE KING — 4 Kg × 10 Pc","Yes","Yes","Yes","Yes",4,"Complete Traceability"
"OTH010","Urad Bulk","Yes","Yes","No","Yes",3,"Missing Credit Note"
"WHE004","Wheat Bulk","Yes","Yes","No","No",2,"Partial Traceability"
"WHE006","Wheat Vardhnam 301 — 20 Kg","No","Yes","Yes","No",2,"Partial Traceability"
"UNC005","VARDHNAM 301","Yes","Yes","No","No",2,"Partial Traceability"
