voucher_id,page,date,date_original,party,vch_type,vch_no,primary_ledger,credit_amount,agst_refs,narration
18,3,45801,2025-05-24 00:00:00.000,"13100 Paras Beej Bhandar","Credit Note","VAS 25-26/CN 18","Sales",1000,"","Being freight of paddy supply is credited."
19,3,45801,2025-05-24 00:00:00.000,"13200 Shri Radhey Radhey Krishi Sewa Kendra","Credit Note","VAS 25-26/CN 19","Sales",500,"","Being freight of paddy supply is credited."
24,4,45805,2025-05-28 00:00:00.000,"12200 Laxmi Khad Bhandar","Credit Note","VAS 25-26/CN 24","Sales",800,"","Being freight of paddy supply is credited."
25,4,45807,2025-05-30 00:00:00.000,"17100 Rashi Enterprises","Credit Note","VAS 25-26/CN 25","Sales",3000,"","Being freight of paddy supply is credited."
26,4,45807,2025-05-30 00:00:00.000,"13100 Paras Beej Bhandar","Credit Note","VAS 25-26/CN 26","Sales",1200,"","Being freight of paddy supply is credited."
27,4,45808,2025-05-31 00:00:00.000,"13100 Paras Beej Bhandar","Credit Note","VAS 25-26/CN 27","Sales",1000,"","Being freight of paddy supply is credited."
33,5,45814,2025-06-06 00:00:00.000,"13200 Shri Radhey Radhey Krishi Sewa Kendra","Credit Note","VAS 25-26/CN 33","Sales",500,"","Being freight of paddy supply is credited."
34,6,45814,2025-06-06 00:00:00.000,"13100 Paras Beej Bhandar","Credit Note","VAS 25-26/CN 34","Sales",600,"","Being fright of paddy supply is credited."
37,6,45831,2025-06-23 00:00:00.000,"53200 New Kisan Beej Bhandar (Handiya)","Credit Note","VAS 25-26/CN 37","Sales",19200,"","Being stock return at Kaushambi godown."
38,6,45831,2025-06-23 00:00:00.000,"53200 New Kisan Beej Bhandar (Handiya)","Credit Note","VAS 25-26/CN 38","Sales",44550,"","Being credit against of Non germination and rainy stock ."
45,7,45832,2025-06-24 00:00:00.000,"13100 Paras Beej Bhandar","Credit Note","VAS 25-26/CN 45","Sales",900,"","Being freight of bajra supply is credited."
46,7,45832,2025-06-24 00:00:00.000,"13200 Shri Radhey Radhey Krishi Sewa Kendra","Credit Note","VAS 25-26/CN 46","Sales",900,"","Being freight of bajra stock is credited."
47,7,45832,2025-06-24 00:00:00.000,"Krishak Kisan Sewa Kendra","Credit Note","VAS 25-26/CN 47","Sales",22380,"","Being stock return at Kaushambi godown."
48,8,45832,2025-06-24 00:00:00.000,"Krishak Kisan Sewa Kendra","Credit Note","VAS 25-26/CN 48","Sales",2077,"","Being freight and damage stock claim is credited."
49,8,45833,2025-06-25 00:00:00.000,"12200 Laxmi Khad Bhandar","Credit Note","VAS 25-26/CN 49","Sales",600,"","Being freight of bajra is credited."
50,8,45835,2025-06-27 00:00:00.000,"12200 Laxmi Khad Bhandar","Credit Note","VAS 25-26/CN 50","Sales",27000,"","Being stock return at etah godown."
51,8,45838,2025-06-30 00:00:00.000,"Baba Beej Bhandar C/o Rahul Kesarwani","Credit Note","VAS 25-26/CN 51","Sales",12795,"","Being stock return at Kaushambi godown."
52,8,45838,2025-06-30 00:00:00.000,"Baba Beej Bhandar C/o Rahul Kesarwani","Credit Note","VAS 25-26/CN 52","Sales",510,"","Being 2 pc credited against claim of No germination."
53,8,45838,2025-06-30 00:00:00.000,"16001 Balaji Khad Beej Bhandar","Credit Note","VAS 25-26/CN 53","Sales",15800,"","Being rate differene of Maize(400 kg *30=12000) (40 kg*80=3200) (60 kg *10=600) is credited."
54,8,45838,2025-06-30 00:00:00.000,"Rahul Beej Bhandar C/o Shitalal Prasad Kesarwani","Credit Note","VAS 25-26/CN 54","Sales",23190,"","Being stock return at Kaushambi godown."
55,9,45838,2025-06-30 00:00:00.000,"Rahul Beej Bhandar C/o Shitalal Prasad Kesarwani","Credit Note","VAS 25-26/CN 55","Sales",6300,"","Being stock credited against claim of germination."
56,9,45838,2025-06-30 00:00:00.000,"53001 Kushwah Beej Bhandar C/o Vidyakant Kushwah","Credit Note","VAS 25-26/CN 56","Sales",12450,"","Being stock return at Kaushambi godown."
57,9,45838,2025-06-30 00:00:00.000,"52300 Janta Beej Bhandar","Credit Note","VAS 25-26/CN 57","Sales",53766,"","Being stock return at kaushambi godown"
61,9,45845,2025-07-07 00:00:00.000,"Raj Bahadur Tiwari","Credit Note","VAS 25-26/CN61","Sales",14840,"","Being rate differnce of maize(160 kg *50=8000) (300 kg*20=6000) (12 kg *70=840) is credited"
66,10,45846,2025-07-08 00:00:00.000,"13200 Shri Radhey Radhey Krishi Sewa Kendra","Credit Note","VAS 25-26/CN 66","Sales",3000,"","Being rate difference of paddy 1692 ( 600 kg*5=3000) is credited."
71,11,45857,2025-07-19 00:00:00.000,"17100 Rashi Enterprises","Credit Note","VAS 25-26/CN 71","Sales",91950,"","Being stock return at sarvoday ashram etah."
72,11,45858,2025-07-20 00:00:00.000,"13100 Paras Beej Bhandar","Credit Note","VAS 25-26/CN 72","Sales",250110,"","Being stock return at etah godown sarvoday ashram."
73,11,45860,2025-07-22 00:00:00.000,"13100 Paras Beej Bhandar","Credit Note","VAS 25-26/CN 73","Sales",17500,"","Being stock received by surjan singh for farm."
74,11,45860,2025-07-22 00:00:00.000,"12200 Laxmi Khad Bhandar","Credit Note","VAS 25-26/CN 74","Sales",15000,"","Being stock return at sarvoday."
75,12,45864,2025-07-26 00:00:00.000,"13100 Paras Beej Bhandar","Credit Note","VAS 25-26/CN 75","Sales",6010,"","Being rate difference 5 per kg (1202 kg) credited."
76,12,45864,2025-07-26 00:00:00.000,"13100 Paras Beej Bhandar","Credit Note","VAS 25-26/CN 76","Sales",8400,"","Being return (replace with mumtaj)."
84,13,45901,2025-09-01 00:00:00.000,"52002 Rambabu Beej Bhandar","Credit Note","VAS 25-26/CN84","Sales",44735,"","Being stock return at Kaushambi godown."
85,14,45901,2025-09-01 00:00:00.000,"52002 Rambabu Beej Bhandar","Credit Note","VAS 25-26/CN 85","Sales",1790,"","Being rate difference and damage claim, (5 kg *310=1550) amout is credited."
86,14,45901,2025-09-01 00:00:00.000,"16001 Balaji Khad Beej Bhandar","Credit Note","VAS 25-26/CN 86","Sales",45900,"","Being stock return at etah godown."
87,14,45901,2025-09-01 00:00:00.000,"53005 Vishal Agro Traders","Credit Note","VAS 25-26/CN 87","Sales",65925,"","Being stock return at Kaushambi godown."
88,14,45901,2025-09-01 00:00:00.000,"53005 Vishal Agro Traders","Credit Note","VAS 25-26/CN 88","Sales",1785,"","Being damage stock claim amount adjusted."
89,14,45901,2025-09-01 00:00:00.000,"53004 Manoj Kesarwani G","Credit Note","VAS 25-26/CN 89","Sales",79110,"","Being stock returna at kaushambi godown."
90,14,45901,2025-09-01 00:00:00.000,"53004 Manoj Kesarwani G","Credit Note","VAS 25-26/CN 90","Sales",240,"","Being rate difference of Sharbati(24 kg *10) is credited."
93,15,45901,2025-09-01 00:00:00.000,"52100 Shiva Traders","Credit Note","VAS 25-26/CN 93","Sales",387900,"","Being stock return at Kaushambi godown."
94,15,45901,2025-09-01 00:00:00.000,"52100 Shiva Traders","Credit Note","VAS 25-26/CN 94","Sales",17700,"","Being damage stock claim/ freight claim is credited."
95,15,45901,2025-09-01 00:00:00.000,"52004 Singh Agro Center","Credit Note","VAS 25-26/CN 95","Sales",55800,"","Being stock return at Kaushambi godown."
96,15,45901,2025-09-01 00:00:00.000,"52004 Singh Agro Center","Credit Note","VAS 25-26/CN 96","Sales",4280,"","Being fright of stock supply and sharbati claim amount is credited."
97,15,45901,2025-09-01 00:00:00.000,"52200 Arvind Khad Beej Bhandar","Credit Note","VAS 25-26/CN 97","Sales",417750,"","Being stock return at Kaushambi godown."
98,16,45901,2025-09-01 00:00:00.000,"Ganesh Yadav Sales Ac","Credit Note","VAS 25-26/CN 98","Sales",3000,"","Being stock return at Kaushambi godown."
101,16,45901,2025-09-01 00:00:00.000,"New Kisan Beej Bhandar (Lorpur)","Credit Note","VAS 25-26/CN 101","Sales",320820,"","Being stock returna at kaushambi godown."
105,17,45909,2025-09-09 00:00:00.000,"Raj Bahadur Tiwari","Credit Note","VAS 25-26/CN 105","Sales",42000,"","Being stock return at etah godown."
106,17,45913,2025-09-13 00:00:00.000,"Ma Purna Khad Bhandar & Pesticides","Credit Note","VAS 25-26/CN 106","Sales",400,"","Being freight of mustard supply is credited."
107,17,45913,2025-09-13 00:00:00.000,"11200 New Naina Krishi Sewa Kendra","Credit Note","VAS 25-26/CN 107","Sales",500,"","Being freight of mustard supply is credited."
109,17,45913,2025-09-13 00:00:00.000,"17100 Rashi Enterprises","Credit Note","VAS 25-26/CN 109","Sales",2100,"","Being freight of mustard supply is credited."
110,17,45914,2025-09-14 00:00:00.000,"12200 Laxmi Khad Bhandar","Credit Note","VAS 25-26/CN 110","Sales",300,"","Being freight of mustard supply is credited."
111,17,45915,2025-09-15 00:00:00.000,"13200 Shri Radhey Radhey Krishi Sewa Kendra","Credit Note","VAS 25-26/CN 111","Sales",318390,"","Being stock returna at Etah godown."
113,18,45917,2025-09-17 00:00:00.000,"13100 Paras Beej Bhandar","Credit Note","VAS 25-26/CN 113","Sales",209385,"","Being stock returna at Etah godown."
114,18,45917,2025-09-17 00:00:00.000,"13100 Paras Beej Bhandar","Credit Note","VAS 25-26/CN 114","Sales",967,"","Being rate difference of (193.5 kg*5 =967) is credited."
115,18,45931,2025-10-01 00:00:00.000,"52002 Rambabu Beej Bhandar","Credit Note","VAS 25-26/CN115","Sales",5370,"","Being stock return at Kaushambi godown."
116,18,45931,2025-10-01 00:00:00.000,"52004 Singh Agro Center","Credit Note","VAS 25-26/CN116","Sales",10230,"","Being stock return at Kaushambi godown."
117,18,45931,2025-10-01 00:00:00.000,"53005 Vishal Agro Traders","Credit Note","VAS 25-26/CN117","Sales",34350,"","Being stock return at Kaushambi godown."
118,18,45931,2025-10-01 00:00:00.000,"53005 Vishal Agro Traders","Credit Note","VAS 25-26/CN118","Sales",330,"","Being rate difference of 33 kg *10 per kg is given."
119,19,45931,2025-10-01 00:00:00.000,"53001 Kushwah Beej Bhandar C/o Vidyakant Kushwah","Credit Note","VAS 25-26/CN119","Sales",2730,"","Being stock return at Kaushambi godown."
120,19,45931,2025-10-01 00:00:00.000,"52200 Arvind Khad Beej Bhandar","Credit Note","VAS 25-26/CN120","Sales",106515,"","Being stock return at kaushambi ."
121,19,45931,2025-10-01 00:00:00.000,"52200 Arvind Khad Beej Bhandar","Credit Note","VAS 25-26/CN121","Sales",930,"","Being claim of germination issue credited ."
122,19,45931,2025-10-01 00:00:00.000,"52200 Arvind Khad Beej Bhandar","Credit Note","VAS 25-26/CN122","Sales",2415,"","Being rate diiference (151.5 kg*10) of baja stock and freight of bajra stock cn, given."
123,19,45931,2025-10-01 00:00:00.000,"52100 Shiva Traders","Credit Note","VAS 25-26/CN123","Sales",280140,"","Being stock return at Kaushambi godown."
124,19,45931,2025-10-01 00:00:00.000,"52100 Shiva Traders","Credit Note","VAS 25-26/CN125","Sales",19470,"","Being rate difference 9090( 267*50) 1107 (153*40) amount credited."
138,21,45931,2025-10-01 00:00:00.000,"12200 Laxmi Khad Bhandar","Credit Note","VAS 25-26/CN138","Sales",2350,"","Being stock return and cash sale."
140,22,45934,2025-10-04 00:00:00.000,"Rajesh Beej Bhandar","Credit Note","VAS 25-26/CN140","Sales",18600,"","Being stock return at Kaushambi godown."
141,22,45935,2025-10-05 00:00:00.000,"Devendra Trders","Credit Note","VAS 25-26/CN141","Sales",145650,"","Being stock return at Kaushambi godown."
142,22,45935,2025-10-05 00:00:00.000,"Devendra Trders","Credit Note","VAS 25-26/CN142","Sales",12000,"","Being sample colleect by D.O claim paid (4000*3 )"
143,22,45936,2025-10-06 00:00:00.000,"Devendra Trders","Credit Note","VAS 25-26/CN143","Sales",7920,"","Being stock return at Kaushambi godown."
144,22,45936,2025-10-06 00:00:00.000,"Devendra Trders","Credit Note","VAS 25-26/CN144","Sales",130,"","Being rate difference c.n. given"
145,22,45939,2025-10-09 00:00:00.000,"12200 Laxmi Khad Bhandar","Credit Note","VAS 25-26/CN145","Sales",47460,"","Being stock returna at Etah godown."
146,22,45939,2025-10-09 00:00:00.000,"12200 Laxmi Khad Bhandar","Credit Note","VAS 25-26/CN146","Sales",2760,"","Being rate difference (69 kg*40 per kg (270 net rate) is credited."
147,22,45948,2025-10-18 00:00:00.000,"Raj Bahadur Tiwari","Credit Note","VAS 25-26/CN147","Sales",52725,"","Being stock return at etah godown."
148,23,45956,2025-10-26 00:00:00.000,"13500 Shree Jay Ram Beej Bhandar","Credit Note","VAS 25-26/CN148","Sales",800,"","Being freight of stock supply is credited."
149,23,45956,2025-10-26 00:00:00.000,"13100 Paras Beej Bhandar","Credit Note","VAS 25-26/CN149","Sales",2400,"","Being freight of stock supply is credited."
150,23,45956,2025-10-26 00:00:00.000,"13200 Shri Radhey Radhey Krishi Sewa Kendra","Credit Note","VAS 25-26/CN150","Sales",800,"","Being freight of stock supply is credited."
152,23,45959,2025-10-29 00:00:00.000,"Shri Shyam Beej Bhandar(Keltha)","Credit Note","VAS 25-26/CN152","Sales",300,"","Being freight of wheat supply credited."
153,23,45963,2025-11-02 00:00:00.000,"Vivek Singh Sales A/c","Credit Note","VAS 25-26/CN153","Sales",2300,"","Being freight of stock supply is credited."
154,23,45966,2025-11-05 00:00:00.000,"14100 Gauri Shankar Beej Bhandar","Credit Note","VAS 25-26/CN154","Sales",2800,"","Being freiht of stock supply is credited."
155,23,45974,2025-11-13 00:00:00.000,"15100 Balaji Khad Bhandar (Aditya Parmar)","Credit Note","VAS 25-26/CN155","Sales",700,"","Being freight of stock supply via challan no.867."
156,23,45978,2025-11-17 00:00:00.000,"13400 Rishab Beej Bhandar","Credit Note","VAS 25-26/CN156","Sales",14100,"","Being stock return and supply to Gauri shankar beej bhandar."
157,24,45978,2025-11-17 00:00:00.000,"13400 Rishab Beej Bhandar","Credit Note","VAS 25-26/CN157","Sales",14100,"","Being stock return and supply to Pradhan Khad beej bhandar."
158,24,45992,2025-12-01 00:00:00.000,"13400 Rishab Beej Bhandar","Credit Note","VAS 25-26/CN158","Sales",12690,"","Being stock return at etah godown."
159,24,45992,2025-12-01 00:00:00.000,"Shri Shyam Beej Bhandar(Keltha)","Credit Note","VAS 25-26/CN159","Sales",5000,"","Being stock return at etah godown."
160,24,45992,2025-12-01 00:00:00.000,"14001 Pradhan Khad Beej Bhandar","Credit Note","VAS 25-26/CN160","Sales",7050,"","Being stock return at etah godown."
161,24,45992,2025-12-01 00:00:00.000,"14100 Gauri Shankar Beej Bhandar","Credit Note","VAS 25-26/CN161","Sales",9870,"","Being stock return at etah godown."
162,24,45992,2025-12-01 00:00:00.000,"13100 Paras Beej Bhandar","Credit Note","VAS 25-26/CN162","Sales",24910,"","Being stock return at etah godown."
163,24,45992,2025-12-01 00:00:00.000,"13200 Shri Radhey Radhey Krishi Sewa Kendra","Credit Note","VAS 25-26/CN163","Sales",22560,"","Being stock return at etah godown."
164,24,45992,2025-12-01 00:00:00.000,"13500 Shree Jay Ram Beej Bhandar","Credit Note","VAS 25-26/CN164","Sales",114680,"","Being stock return at etah godown."
165,24,45992,2025-12-01 00:00:00.000,"13500 Shree Jay Ram Beej Bhandar","Credit Note","VAS 25-26/CN165","Sales",14100,"","Being stock return and supply to kishanpal."
171,25,46002,2025-12-11 00:00:00.000,"52100 Shiva Traders","Credit Note","VAS 25-26/CN171","Sales",67001,"","Being add matarial,and promotional vehicle exp amt credited."
172,25,46006,2025-12-15 00:00:00.000,"Ma Purna Khad Bhandar & Pesticides","Credit Note","VAS 25-26/CN172","Sales",106820,"","Being stock return at etah godown."
173,25,46017,2025-12-26 00:00:00.000,"Naitik Beej Bhandar","Credit Note","VAS 25-26/CN173","Sales",120900,"","Being stock return at Kaushambi godown."
174,25,46017,2025-12-26 00:00:00.000,"Punjab Beej Company","Credit Note","VAS 25-26/CN174","Sales",15400,"","Being stock return at Kaushambi godown."
175,26,46017,2025-12-26 00:00:00.000,"Rambabu Kisan Sewa Kendra","Credit Note","VAS 25-26/CN175","Sales",32400,"","Being stock return at Kaushambi godown."
176,26,46017,2025-12-26 00:00:00.000,"53005 Vishal Agro Traders","Credit Note","VAS 25-26/CN176","Sales",43560,"","Being stock return at Kaushambi godown."
177,26,46017,2025-12-26 00:00:00.000,"Anand Traders","Credit Note","VAS 25-26/CN177","Sales",39210,"","Being stock return at Kaushambi godown."
178,26,46017,2025-12-26 00:00:00.000,"52100 Shiva Traders","Credit Note","VAS 25-26/CN178","Sales",809380,"","Being stock return at Kaushambi godown."
179,26,46017,2025-12-26 00:00:00.000,"Om Sai Fertilizers","Credit Note","VAS 25-26/CN179","Sales",29680,"","Being stock return at Kaushambi godown."
180,26,46017,2025-12-26 00:00:00.000,"Dinesh Traders","Credit Note","VAS 25-26/CN180","Sales",9000,"","Being stock return at Kaushambi godown."
181,26,46017,2025-12-26 00:00:00.000,"52002 Rambabu Beej Bhandar","Credit Note","VAS 25-26/CN181","Sales",21200,"","Being stock return at Kaushambi godown."
182,27,46017,2025-12-26 00:00:00.000,"New Maurya Beej Bhandar","Credit Note","VAS 25-26/CN182","Sales",39510,"","Being stock return at Kaushambi godown."
183,27,46017,2025-12-26 00:00:00.000,"Sunita Traders","Credit Note","VAS 25-26/CN183","Sales",14400,"","Being stock return at Kaushambi godown."
184,27,46017,2025-12-26 00:00:00.000,"53004 Manoj Kesarwani G","Credit Note","VAS 25-26/CN184","Sales",45340,"","Being stock return at Kaushambi godown."
185,27,46017,2025-12-26 00:00:00.000,"Kisan Traders","Credit Note","VAS 25-26/CN185","Sales",8480,"","Being stock return at Kaushambi godown."
186,27,46017,2025-12-26 00:00:00.000,"53001 Kushwah Beej Bhandar C/o Vidyakant Kushwah","Credit Note","VAS 25-26/CN186","Sales",22950,"","Being stock return at Kaushambi godown."
187,27,46017,2025-12-26 00:00:00.000,"17100 Rashi Enterprises","Credit Note","VAS 25-26/CN187","Sales",330300,"","Being stock return at etah godown."
188,27,46018,2025-12-27 00:00:00.000,"Mahanand Pragati Pesticides","Credit Note","VAS 25-26/CN188","Sales",5750,"",""
189,27,46024,2026-01-02 00:00:00.000,"Anand Traders","Credit Note","","Sales",72000,"","Being stock return at Kaushambi godown."
190,28,46025,2026-01-03 00:00:00.000,"53200 New Kisan Beej Bhandar (Handiya)","Credit Note","250","Sales",92250,"","Being stock return at Kaushambi godown."
191,28,46026,2026-01-04 00:00:00.000,"Ganesh Yadav Sales Ac","Credit Note","1337","Sales",138150,"","Being stock return at kaushammbi godown."
192,28,46026,2026-01-04 00:00:00.000,"Vikramjeet Verma","Credit Note","1337","Sales",1156010,"","Being stock return at Kaushambi godown."
193,28,46028,2026-01-06 00:00:00.000,"52200 Arvind Khad Beej Bhandar","Credit Note","1344","Sales",94830,"","Being stock return at Kaushambi godown."
194,28,46030,2026-01-08 00:00:00.000,"New Kisan Beej Ghar(Mariyahu)","Credit Note","1304","Sales",144600,"","Being stock return at Kaushambi godown."
195,28,46030,2026-01-08 00:00:00.000,"New Kisan Beej Ghar(Mariyahu)","Credit Note","","Sales",6500,"","Being freight of wheat supply is credited."
196,28,46037,2026-01-15 00:00:00.000,"13100 Paras Beej Bhandar","Credit Note","8","Sales",800,"","Being freight of maize supply is credited."
198,29,46037,2026-01-15 00:00:00.000,"16001 Balaji Khad Beej Bhandar","Credit Note","234","Sales",500,"","Being freight of maize supply is credited."
199,29,46037,2026-01-15 00:00:00.000,"Shri Ganga Agro Enterprise","Credit Note","235","Sales",1000,"","Being freight of maize supply is credited."
203,29,46045,2026-01-23 00:00:00.000,"Tiwari Beej Bhandar","Credit Note","1401","Sales",249400,"","Being stock return at Kaushambi godown."
204,29,46045,2026-01-23 00:00:00.000,"Tiwari Beej Bhandar","Credit Note","","Sales",3000,"","Being freight of wheat is credited."
205,30,46045,2026-01-23 00:00:00.000,"Tiwari Beej Bhandar","Credit Note","","Sales",4000,"","Being rate difference of mustard is credited,"
206,30,46053,2026-01-31 00:00:00.000,"52200 Arvind Khad Beej Bhandar","Credit Note","1416","Sales",12300,"","Being rate difference of(820 kg*15 =12300) is credited."
207,30,46058,2026-02-05 00:00:00.000,"11200 New Naina Krishi Sewa Kendra","Credit Note","1228","Sales",101640,"","Being stock return at etah godown."
208,30,46070,2026-02-17 00:00:00.000,"52004 Singh Agro Center","Credit Note","250","Sales",118260,"","Being stock returna at kaushambi godown."
210,30,46074,2026-02-21 00:00:00.000,"Ganesh Yadav Sales Ac","Credit Note","1430","Sales",8000,"","Being rate difference of (55-50=5*1600 kg) is credited."
211,30,46081,2026-02-28 00:00:00.000,"52300 Janta Beej Bhandar","Credit Note","265","Sales",63600,"","Being stock return at Kaushambi godown."
212,30,46082,2026-03-01 00:00:00.000,"Jay Bhagwan Vinod Kumar","Credit Note","727","Sales",19514,"","Being rate difference am credited."
213,31,46087,2026-03-06 00:00:00.000,"Pratigya Beej & Khad Bhandar","Credit Note","1444","Sales",1200,"","Being freight of stock supply is credited."
214,31,46088,2026-03-07 00:00:00.000,"Jay Kisan Sewa Kendra","Credit Note","263","Sales",500,"","Being freight of stock supply is credited.."
215,31,46088,2026-03-07 00:00:00.000,"Agriclinic And Agrijunction","Credit Note","262","Sales",600,"","Being freight of stock supply is credited.."
216,31,46088,2026-03-07 00:00:00.000,"Pawan Vaishnavi Beej And Pasticides","Credit Note","261","Sales",1500,"","Being freight of stock supply is credited."
217,31,46088,2026-03-07 00:00:00.000,"11200 New Naina Krishi Sewa Kendra","Credit Note","260","Sales",700,"","Being freight of stock supply is credited.."
219,31,46088,2026-03-07 00:00:00.000,"13400 Rishab Beej Bhandar","Credit Note","258","Sales",600,"","Being freight of stock supply is credited."
220,31,46088,2026-03-07 00:00:00.000,"14100 Gauri Shankar Beej Bhandar","Credit Note","257","Sales",500,"","Being freight of stock supply is credited."
222,32,46088,2026-03-07 00:00:00.000,"13100 Paras Beej Bhandar","Credit Note","255","Sales",2000,"","Being freight of stock supply is credited."
223,32,46088,2026-03-07 00:00:00.000,"13500 Shree Jay Ram Beej Bhandar","Credit Note","254","Sales",500,"","Being freight of stock supply is credited."
224,32,46088,2026-03-07 00:00:00.000,"Himanshu C/o Narendra Upadhyay","Credit Note","253","Sales",200,"","Being freight of stock supply is credited."
225,32,46088,2026-03-07 00:00:00.000,"15100 Balaji Khad Bhandar (Aditya Parmar)","Credit Note","252","Sales",1000,"","Being freight of stock supply is credited."
226,32,46089,2026-03-08 00:00:00.000,"17100 Rashi Enterprises","Credit Note","267","Sales",2000,"","Being ffeight of Stock supply is credited."
229,33,46092,2026-03-11 00:00:00.000,"13200 Shri Radhey Radhey Krishi Sewa Kendra","Credit Note","269","Sales",400,"","Being freight of stock supply is credited."
230,33,46099,2026-03-18 00:00:00.000,"13500 Shree Jay Ram Beej Bhandar","Credit Note","282","Sales",1000,"","Being freight of stock supply is credited."
231,33,46099,2026-03-18 00:00:00.000,"12200 Laxmi Khad Bhandar","Credit Note","283","Sales",400,"","Being freight of stock supply is credited."
232,33,46099,2026-03-18 00:00:00.000,"Kuber Beej Bhandar","Credit Note","282","Sales",500,"","Being freight of stock supply is credited.."
233,33,46099,2026-03-18 00:00:00.000,"13100 Paras Beej Bhandar","Credit Note","280","Sales",1000,"","Being freight of stock supply is creditd.."
235,33,46099,2026-03-18 00:00:00.000,"13400 Rishab Beej Bhandar","Credit Note","278","Sales",600,"","Being freight of stock supply is creditd."
236,33,46099,2026-03-18 00:00:00.000,"14100 Gauri Shankar Beej Bhandar","Credit Note","277","Sales",600,"","Being freight of stock supply is creditd."
237,33,46099,2026-03-18 00:00:00.000,"Agriclinic And Agrijunction","Credit Note","276","Sales",500,"","Being freight of stock supply is credited."
238,34,46099,2026-03-18 00:00:00.000,"Jay Kisan Sewa Kendra","Credit Note","275","Sales",500,"","Being freight of stock supply is credited."
239,34,46099,2026-03-18 00:00:00.000,"Ma Purna Khad Bhandar & Pesticides","Credit Note","274","Sales",2500,"","Being freight of stock supply is credited."
240,34,46099,2026-03-18 00:00:00.000,"Pawan Vaishnavi Beej And Pasticides","Credit Note","273","Sales",4000,"","Being freight of stock supply is credited."
242,34,46100,2026-03-19 00:00:00.000,"Shri Ganga Agro Enterprise","Credit Note","285","Sales",2500,"","Being freight of stock supply is credited."
243,34,46100,2026-03-19 00:00:00.000,"Pratigya Beej & Khad Bhandar","Credit Note","284","Sales",500,"","Being freight of stock supply is credited."
244,34,46101,2026-03-20 00:00:00.000,"55500 Maurya Beej Bhandar (Bhadohi)","Credit Note","1519","Sales",212830,"","Being stock return at Kaushambi godown."
245,34,46101,2026-03-20 00:00:00.000,"55500 Maurya Beej Bhandar (Bhadohi)","Credit Note","","Sales",7200,"","Being freight of stock supply is credited."
246,35,46101,2026-03-20 00:00:00.000,"55500 Maurya Beej Bhandar (Bhadohi)","Credit Note","","Sales",2222,"","Being rate difference of (1111 kg*2 =2222) is credited."
247,35,46105,2026-03-24 00:00:00.000,"Purva Fertilizers","Credit Note","289","Sales",300,"","Being freight of stock supply is credited."
250,35,46106,2026-03-25 00:00:00.000,"55500 Maurya Beej Bhandar (Bhadohi)","Credit Note","15","Sales",3000,"","Being freight of stock supply is credited."
251,35,46106,2026-03-25 00:00:00.000,"Tiwari Beej Bhandar","Credit Note","2","Sales",3000,"","Being freight of stock supply is credited."
252,35,46107,2026-03-26 00:00:00.000,"New Kisan Beej Ghar(Mariyahu)","Credit Note","14","Sales",4000,"","Being freight of stock supply is credited."
253,35,46107,2026-03-26 00:00:00.000,"52100 Shiva Traders","Credit Note","12","Sales",450,"","Being freight of stock supply is credited."
254,35,46107,2026-03-26 00:00:00.000,"Naitik Beej Bhandar","Credit Note","10","Sales",3500,"","Being freight of stock supply is credited."
1,1,45767,2025-04-20 00:00:00.000,"Girja Trading Company(Gaurav)","Credit Note","VAS 25-25/CN 01","Sales",67200,"Agst Ref 1097 44,856.00 Dr | Agst Ref 291 11,144.00 Dr | Agst Ref 413 60,200.00 Cr | Agst Ref 416 63,000.00 Cr","Being stock return.at sarvoday godown."
2,1,45767,2025-04-20 00:00:00.000,"Girja Trading Company(Gaurav)","Credit Note","VAS 25-26/CN 02","Production Expenses",181500,"Agst Ref 416 35,000.00 Cr | Agst Ref 52 56,000.00 Cr | On Account 90,500.00 Cr","Being Jute bags (6000 pc*30.25 ) amount is adjusted."
3,1,45771,2025-04-24 00:00:00.000,"Puthiyabarai Vision Farmer Produer Company","Credit Note","VAS 25-26/CN 03","Sales",23100,"Agst Ref 185 23,100.00 Cr","Being stock return and supply to Veerpal Singh (Sarai Agust )."
4,1,45771,2025-04-24 00:00:00.000,"Puthiyabarai Vision Farmer Produer Company","Credit Note","VAS 25-26/CN04","Sales",900,"Agst Ref 185 900.00 Cr","Being rate difference of 1692 (150 kg *5) Sugandha (30 kg*5) is credited"
5,1,45771,2025-04-24 00:00:00.000,"Swastik Khushi Traders","Credit Note","VAS 25-26/CN 05","Sales",6600,"Agst Ref 303 6,600.00 Cr","Being stock transfer from Puthiyabara farmer on june 2024."
6,1,45782,2025-05-05 00:00:00.000,"K P Singh","Credit Note","VAS 25-26/CN 06","Sales",30400,"Agst Ref 46 3-Apr-24 30,400.00 Cr","Being stock return"
7,2,45782,2025-05-05 00:00:00.000,"K P Singh","Credit Note","VAS 25-26/CN 07","Sales",17160,"Agst Ref 24 2-Apr-24 14,800.00 Cr | Agst Ref 409 7-Mar-25 2,360.00 Cr","Being rate difference amt. is credited."
8,2,45794,2025-05-17 00:00:00.000,"54100 Singh Khad Beej Bhandar","Credit Note","VAS 25-26/CN 08","Sales",29800,"Agst Ref 320 21-May-24 29,800.00 Cr","Being rate difference of wheat (5960 kg*5=29800) is credited."
9,2,45794,2025-05-17 00:00:00.000,"11100 Ravindra Agroteck","Credit Note","VAS 25-26/CN 09","Sales",586720,"Agst Ref 391 4-Mar-25 3,88,000.00 Cr | Agst Ref 8 1,52,400.00 Cr | Agst Ref VAS 24-25/234 25-Mar-25 46,320.00 Cr","Being stock return at sarvoday godown."
10,2,45794,2025-05-17 00:00:00.000,"11100 Ravindra Agroteck","Credit Note","VAS 25-26/CN 10","Sales",5000,"Agst Ref 391 4-Mar-25 5,000.00 Cr","Being freight of paddy supply is credited,"
11,2,45794,2025-05-17 00:00:00.000,"12100 Om Sai Khad Beej Bhandar","Credit Note","VAS 25-26/CN 11","Sales",1000,"Agst Ref 392 1,000.00 Cr","Being freight of paddy supply is credited."
12,2,45794,2025-05-17 00:00:00.000,"Om Javitri Devi Sahaya","Credit Note","VAS 25-26/CN 12","Sales",1000,"Agst Ref 11 1,000.00 Cr","Being freight of stock supply is credited."
13,2,45797,2025-05-20 00:00:00.000,"51100 Skyfed Farmer Producer Com.Ltd","Credit Note","VAS25-26/CN 13","Sales",15000,"Agst Ref 14 15,000.00 Cr","Being freight of paddy supply is credited."
14,3,45799,2025-05-22 00:00:00.000,"IFFDC Krishak Sewa Kendra","Credit Note","VAS 25-26/CN 14","Sales",1500,"Agst Ref 15 1,500.00 Cr","Being freight of paddy supply challan no 650 is creidted."
15,3,45799,2025-05-22 00:00:00.000,"53100 Ashok Kumar & Brothers","Credit Note","VAS 25-26/CN 15","Sales",2000,"Agst Ref 16 2,000.00 Cr","Being freight of paddy supply is credited."
16,3,45801,2025-05-24 00:00:00.000,"Om Javitri Devi Sahaya","Credit Note","VAS 25-26/CN 16","Sales",2500,"Agst Ref 11 2,500.00 Cr","Being freight of paddy supply is credited."
17,3,45801,2025-05-24 00:00:00.000,"13300 Bajrang Traders","Credit Note","VAS 25-26/CN 17","Sales",500,"Agst Ref 18 500.00 Cr","Being freight of paddy supply is credited."
20,3,45801,2025-05-24 00:00:00.000,"11100 Ravindra Agroteck","Credit Note","VAS 25-26/CN 20","Sales",3800,"Agst Ref 22 3,800.00 Cr","Being freight of paddy (challan no.660) supply is credited."
21,3,45801,2025-05-24 00:00:00.000,"11100 Ravindra Agroteck","Credit Note","VAS 25-26/CN 21","Sales",3800,"Agst Ref 22 3,800.00 Cr","Being freight of paddy (challan no.662) sypply is credited."
22,4,45801,2025-05-24 00:00:00.000,"12300 Maurya Brothers Khad Beej Bhandar","Credit Note","VAS 25-26/CN 22","Sales",2200,"Agst Ref 24 2,200.00 Cr","Being freight of paddy (challan no.663) stock is credited."
23,4,45803,2025-05-26 00:00:00.000,"51100 Skyfed Farmer Producer Com.Ltd","Credit Note","VAS 25-26/CN 23","Sales",10000,"Agst Ref 14 10,000.00 Cr","Being freight of paddy stock supply is credited."
28,4,45809,2025-06-01 00:00:00.000,"Pravin Tripathi(Ambedkar Nagar)","Credit Note","VAS 25-26/CN 28","Sales",9000,"Agst Ref 40 9,000.00 Cr","Being stock return and supply to maurya beej jalalpur."
29,5,45809,2025-06-01 00:00:00.000,"Pravin Tripathi(Ambedkar Nagar)","Credit Note","VAS 25-26/CN 29","Sales",448200,"Agst Ref 40 4,48,800.00 Cr | Agst Ref 446 6,600.00 Cr | Agst Ref 453 15,750.00 Cr | Agst Ref 48 2,02,025.00 Cr | Agst Ref VAS/24-25/157 3,06,000.00 Cr | On Account (-)5,30,975.00 Dr","Being stock return and supply to kisan krishi atroliya.(namo 20 bags transfer to mirzapur)"
30,5,45809,2025-06-01 00:00:00.000,"Pravin Tripathi(Ambedkar Nagar)","Credit Note","VAS 25-26/CN 30","Sales",448200,"Agst Ref 40 4,48,800.00 Cr | On Account (-)600.00 Dr","Being stock return and supply to Maurya fertilizers."
31,5,45809,2025-06-01 00:00:00.000,"Pravin Tripathi(Ambedkar Nagar)","Credit Note","VAS 25-26/CN 31","Sales",438300,"Agst Ref 373 1,63,350.00 Cr | Agst Ref 40 2,76,150.00 Cr | On Account (-)1,200.00 Dr","Being stock return and supply to new kisan beej lorpur."
32,5,45813,2025-06-05 00:00:00.000,"54100 Singh Khad Beej Bhandar","Credit Note","VAS 25-26/CN 32","Sales",32000,"Agst Ref 31 32,000.00 Cr","Being freight of paddy supply is credtted."
35,6,45815,2025-06-07 00:00:00.000,"51100 Skyfed Farmer Producer Com.Ltd","Credit Note","VAS 25-26/CN 35","Sales",8000,"Agst Ref 14 3,000.00 Cr | Agst Ref 265 14-May-24 5,000.00 Cr","Being freight of paddy supply is credited."
36,6,45826,2025-06-18 00:00:00.000,"Maurya Beej Bhandar(Jalalpur)","Credit Note","VAS 25-26/CN 36","Sales",1440,"Agst Ref 347 600.00 Cr | Agst Ref 44 840.00 Cr","Being stock return at ambekar nagar godown(pravin)."
39,6,45831,2025-06-23 00:00:00.000,"51100 Skyfed Farmer Producer Com.Ltd","Credit Note","VAS 25-26/CN 39","Sales",3000,"Agst Ref 14 3,000.00 Cr","Being freight of bajra supply is credited."
40,6,45831,2025-06-23 00:00:00.000,"54100 Singh Khad Beej Bhandar","Credit Note","VAS 25-26/CN 40","Sales",5000,"Agst Ref 31 5,000.00 Cr","Being freight of bajra supply is credited."
41,7,45832,2025-06-24 00:00:00.000,"11100 Ravindra Agroteck","Credit Note","VAS 25-26/CN 41","Sales",3200,"Agst Ref 22 3,200.00 Cr","Being freight of stock supply is credited."
42,7,45832,2025-06-24 00:00:00.000,"12300 Maurya Brothers Khad Beej Bhandar","Credit Note","VAS 25-26/CN 42","Sales",300,"Agst Ref 24 300.00 Cr","Being freight of bajra is credited."
43,7,45832,2025-06-24 00:00:00.000,"12100 Om Sai Khad Beej Bhandar","Credit Note","VAS 25-26/CN 43","Sales",1200,"Agst Ref 21 1,200.00 Cr","Being freight of bajra supply is credited."
44,7,45832,2025-06-24 00:00:00.000,"13300 Bajrang Traders","Credit Note","VAS 25-26/ CN 44","Sales",200,"Agst Ref 18 200.00 Cr","Being freight of bajra supply is credited."
58,9,45839,2025-07-01 00:00:00.000,"Swastik Khushi Traders","Credit Note","VAS 25-25/CN 58","Sales",72800,"New Ref VAS 25-25/CN 58 72,800.00 Cr","Being stock return from Paras beej bhandar."
59,9,45840,2025-07-02 00:00:00.000,"Pravin Tripathi(Ambedkar Nagar)","Credit Note","VAS 25-26/CN59","Sales",298200,"Agst Ref 40 3,51,750.00 Cr | On Account (-)53,550.00 Dr","Being stock return and supply to singh khad beej mirzapur."
60,9,45840,2025-07-02 00:00:00.000,"Pravin Tripathi(Ambedkar Nagar)","Credit Note","VAS 25-26/CN60","Sales",88367.7,"New Ref VAS 25-26/CN60 88,367.70 Cr","Being stock return and supply to ravikant jaiswal."
62,10,45846,2025-07-08 00:00:00.000,"Chaudhary Mishra Khad Beej Bhandar","Credit Note","VAS 25-26/CN 62","Sales",8640,"Agst Ref 3 8,640.00 Cr","Being rate difference of maize (288 kg *30) is credited."
63,10,45846,2025-07-08 00:00:00.000,"Chaudhary Mishra Khad Beej Bhandar","Credit Note","VAS 25-26/CN 63","Sales",11200,"Agst Ref 3 11,200.00 Cr","Being farmer complaint for seeds credit amount adjusted."
64,10,45846,2025-07-08 00:00:00.000,"Puthiyabarai Vision Farmer Produer Company","Credit Note","VAS 25-26/CN 64","Sales",1920,"Agst Ref 185 320.00 Cr | Agst Ref 257 1,600.00 Cr","Being rate difference of maize (64 kg *30=1920) is credited."
65,10,45846,2025-07-08 00:00:00.000,"Om Javitri Devi Sahaya","Credit Note","VAS 25-26/CN 65","Sales",1200,"Agst Ref 11 1,200.00 Cr","Being 2 bsgs received by rahul g."
67,10,45849,2025-07-11 00:00:00.000,"Om Javitri Devi Sahaya","Credit Note","VAS 25-26/CN 67","Sales",225000,"Agst Ref 11 95,000.00 Cr | Agst Ref 17 1,30,000.00 Cr","Being stock return at etah godown."
68,10,45855,2025-07-17 00:00:00.000,"13300 Bajrang Traders","Credit Note","VAS 25-26/CN 68","Sales",76800,"Agst Ref 18 76,800.00 Cr","Being stock return at sarvoday godown."
69,11,45855,2025-07-17 00:00:00.000,"13300 Bajrang Traders","Credit Note","VAS 25-26/CN 69","Sales",48000,"Agst Ref 18 20,000.00 Cr | Agst Ref 393 93,301.00 Dr | Agst Ref 4 1,21,301.00 Cr","Being stock return at sarvoday."
70,11,45855,2025-07-17 00:00:00.000,"Swastik Khushi Traders","Credit Note","VAS 25-26/CN 70","Sales",38080,"New Ref 4 6,699.00 Cr | New Ref 75 47,701.00 Cr | Agst Ref 303 6,50,400.00 Cr | Agst Ref 32 13,98,100.00 Cr | On Account (-)20,64,820.00 Dr","Being stock return via paras beej bhandar..at sarvoday godown."
77,12,45870,2025-08-01 00:00:00.000,"54100 Singh Khad Beej Bhandar","Credit Note","VAS 25-26/CN 77","Sales",1918104,"Agst Ref 31 15,12,560.00 Cr | Agst Ref 379 2,33,000.00 Dr | Agst Ref 391 1,67,000.00 Dr | Agst Ref 45 7,90,560.00 Cr | Agst Ref 71 14,984.00 Cr","Being stock return at prayagraj godown."
78,12,45870,2025-08-01 00:00:00.000,"Kisan Krishi Sewa Kendra(Atroliya)","Credit Note","VAS 25-26/CN 78","Sales",257250,"Agst Ref 22 50,395.00 Dr | Agst Ref 262 28,342.00 Cr | Agst Ref 28 54,135.00 Cr | On Account 2,25,168.00 Cr","Being stock return at Kaushambi godown."
79,12,45870,2025-08-01 00:00:00.000,"Kisan Krishi Sewa Kendra(Atroliya)","Credit Note","VAS 25-26/CN 79","Sales",5016,"Agst Ref 363 5,016.00 Cr","Being rate difference of paddy( Namo 33 kg*40=1320/ Adiyogi 132 kg*28 =3696 ) is credited."
80,13,45879,2025-08-10 00:00:00.000,"11100 Ravindra Agroteck","Credit Note","VAS 25-26/CN 80","Sales",1530225,"Agst Ref 22 4,32,200.00 Cr | Agst Ref 23 2,82,000.00 Cr | Agst Ref 379 20-Feb-25 2,33,000.00 Cr | Agst Ref 391 4-Mar-25 1,67,000.00 Cr | Agst Ref 72 4,16,025.00 Cr","Being stock return at etah godown."
81,13,45881,2025-08-12 00:00:00.000,"12300 Maurya Brothers Khad Beej Bhandar","Credit Note","VAS 25-26/CN 81","Sales",300150,"Agst Ref 24 2,90,500.00 Cr | Agst Ref 77 9,650.00 Cr","Being stock return at etah godown."
82,13,45893,2025-08-24 00:00:00.000,"12100 Om Sai Khad Beej Bhandar","Credit Note","VAS 25-26/CN 82","Sales",293625,"Agst Ref 21 68,800.00 Cr | Agst Ref 392 2,24,825.00 Cr","Being stock return at etah godown ."
83,13,45896,2025-08-27 00:00:00.000,"11100 Ravindra Agroteck","Credit Note","VAS 25-26/CN 83","Sales",489810,"On Account 4,89,810.00 Cr","Being stock returna at etah godown sarvoday."
91,14,45901,2025-09-01 00:00:00.000,"IFFDC Krishak Sewa Kendra","Credit Note","VAS 25-26/CN 91","Sales",518380,"Agst Ref 15 1,45,745.00 Cr | Agst Ref 63 3,72,635.00 Cr","Being stock return at Kaushambi godown."
92,15,45901,2025-09-01 00:00:00.000,"IFFDC Krishak Sewa Kendra","Credit Note","VAS 25-26/CN 92","Sales",65715,"Agst Ref 63 9,500.00 Cr | Agst Ref 64 54,565.00 Cr | On Account 1,650.00 Cr","Being rate difference/ damage claim /freight amount is credited."
99,16,45901,2025-09-01 00:00:00.000,"53100 Ashok Kumar & Brothers","Credit Note","VAS 25-26/CN 99","Sales",328215,"Agst Ref 16 58,550.00 Cr | Agst Ref 62 2,61,115.00 Cr | On Account 8,550.00 Cr","Being stock return at kaushammbi godown."
100,16,45901,2025-09-01 00:00:00.000,"53100 Ashok Kumar & Brothers","Credit Note","VAS 25-26/CN 100","Sales",5145,"Agst Ref 62 5,145.00 Cr","Being rate difference of paddy is credited."
102,16,45902,2025-09-02 00:00:00.000,"Maurya Fertiliaers( Laudhana)","Credit Note","VAS 25-26/CN 102","Sales",412800,"Agst Ref 362 42,297.00 Cr | Agst Ref 42 3,70,503.00 Cr","Being stock returna at kaushambi godown."
103,16,45902,2025-09-02 00:00:00.000,"Maurya Beej Bhandar(Jalalpur)","Credit Note","VAS 25-26/CN 103","Sales",2400,"Agst Ref 364 2,400.00 Cr","Being stock return at Kaushambi godown."
104,17,45909,2025-09-09 00:00:00.000,"51100 Skyfed Farmer Producer Com.Ltd","Credit Note","VAS 25-26/CN 104","Sales",122400,"Agst Ref 14 1,22,400.00 Cr","Being stock return at Kaushambi godown."
108,17,45913,2025-09-13 00:00:00.000,"11100 Ravindra Agroteck","Credit Note","VAS 25-26/CN 108","Sales",2800,"Agst Ref 106 2,800.00 Cr","Being freight of mustard supply is credited."
112,18,45915,2025-09-15 00:00:00.000,"13300 Bajrang Traders","Credit Note","VAS 25-26/CN 112","Sales",63330,"Agst Ref 75 20,249.00 Cr | On Account 43,081.00 Cr","Being stock return at etah godown."
125,19,45931,2025-10-01 00:00:00.000,"Harmain India Foods","Credit Note","VAS 25-26/CN124","Sales",369000,"New Ref VAS 25-26/CN124 3,69,000.00 Cr","Being stock return at Kaushambi godown."
126,20,45931,2025-10-01 00:00:00.000,"Harmain India Foods","Credit Note","VAS 25-26/CN126","Sales",27120,"New Ref VAS 25-26/CN126 27,120.00 Cr","Being rate difference of namo(339 kg *80) net rate 230 is credited."
127,20,45931,2025-10-01 00:00:00.000,"51100 Skyfed Farmer Producer Com.Ltd","Credit Note","VAS 25-26/CN127","Sales",277200,"New Ref VAS 25-26/CN127 2,77,200.00 Cr","Being stock return and supply to harmain india."
128,20,45931,2025-10-01 00:00:00.000,"51100 Skyfed Farmer Producer Com.Ltd","Credit Note","VAS 25-26/CN128","Sales",169200,"New Ref VAS 25-26/CN128 1,69,200.00 Cr","Being stock return and supply to etah via prashant g."
129,20,45931,2025-10-01 00:00:00.000,"51100 Skyfed Farmer Producer Com.Ltd","Credit Note","VAS 25-26/CN129","Sales",24000,"New Ref VAS 25-26/CN129 24,000.00 Cr","Being stock return and supply to rahis ali"
130,20,45931,2025-10-01 00:00:00.000,"Rahish Ali","Credit Note","VAS 25-26/CN130","Sales",41640,"New Ref VAS 25-26/CN130 41,640.00 Cr","Being stock return at Kaushambi godown."
131,20,45931,2025-10-01 00:00:00.000,"Rahish Ali","Credit Note","VAS 25-26/CN131","Sales",5460,"New Ref VAS 25-26/CN131 5,460.00 Cr","Being rate difference amount credited ( net rate=75)"
132,20,45931,2025-10-01 00:00:00.000,"Harmain India Foods","Credit Note","VAS 25-26/CN132","Sales",527820,"New Ref VAS 25-26/CN132 5,27,820.00 Cr","Being stock return at Kaushambi godown."
133,21,45931,2025-10-01 00:00:00.000,"54100 Singh Khad Beej Bhandar","Credit Note","VAS 25-26/CN133","Sales",66960,"New Ref VAS 25-26/CN133 66,960.00 Cr","Being credit note against non gemination of paddy (930 kg)"
134,21,45931,2025-10-01 00:00:00.000,"54100 Singh Khad Beej Bhandar","Credit Note","VAS 25-26/CN134","Sales",424290,"New Ref VAS 25-26/CN134 4,24,290.00 Cr","Being stock return at kaushambi godown.."
135,21,45931,2025-10-01 00:00:00.000,"54100 Singh Khad Beej Bhandar","Credit Note","VAS 25-26/CN136","Sales",51960,"New Ref VAS 25-26/CN136 51,960.00 Cr","Being rate difference of bajra 1107 ( 540kg *70=37800), 9090 (354 kg*40 =14160 ) credit note given."
136,21,45931,2025-10-01 00:00:00.000,"51100 Skyfed Farmer Producer Com.Ltd","Credit Note","VAS 25-26/CN135","Sales",209250,"New Ref VAS 25-26/CN135 2,09,250.00 Cr","Being stock return and supply to devendra traders."
137,21,45931,2025-10-01 00:00:00.000,"51100 Skyfed Farmer Producer Com.Ltd","Credit Note","VAS 25-26/CN137","Sales",75000,"New Ref VAS 25-26/CN137 75,000.00 Cr","Being stock return and supply to devender traders."
139,21,45932,2025-10-02 00:00:00.000,"51100 Skyfed Farmer Producer Com.Ltd","Credit Note","VAS 25-26/CN139","Sales",168000,"New Ref VAS 25-26/CN139 1,68,000.00 Cr","Being stock return and supply to kaushambi for east up supply."
151,23,45958,2025-10-28 00:00:00.000,"11100 Ravindra Agroteck","Credit Note","VAS 25-26/CN151","Sales",1700,"New Ref VAS 25-26/CN151 1,700.00 Cr","Being freight of stock supply is credited."
166,24,45992,2025-12-01 00:00:00.000,"11100 Ravindra Agroteck","Credit Note","VAS 25-26/CN166","Sales",537630,"New Ref VAS 25-26/CN166 5,37,630.00 Cr","Being stock return at etah godown."
167,25,45992,2025-12-01 00:00:00.000,"53100 Ashok Kumar & Brothers","Credit Note","VAS 25-26/CN167","Sales",288580,"New Ref VAS 25-26/CN167 2,88,580.00 Cr","Being stock returna at ambedkar nagar godown."
168,25,45992,2025-12-01 00:00:00.000,"53100 Ashok Kumar & Brothers","Credit Note","VAS 25-26/CN168","Sales",74760,"New Ref VAS 25-26/CN168 74,760.00 Cr","Being stock return and supply to parties."
169,25,45992,2025-12-01 00:00:00.000,"53100 Ashok Kumar & Brothers","Credit Note","VAS 25-26/CN169","Sales",1920,"New Ref VAS 25-26/CN169 1,920.00 Cr","Being rate difference (450-386=64 kg *30 per kg )net rate 500 is credited."
170,25,45992,2025-12-01 00:00:00.000,"53100 Ashok Kumar & Brothers","Credit Note","VAS 25-26/CN170","Sales",4800,"New Ref VAS 25-26/CN170 4,800.00 Cr","Being freight of wheat and mustard is credited."
197,29,46037,2026-01-15 00:00:00.000,"Om Javitri Devi Sahaya","Credit Note","233","Sales",1000,"New Ref 233 1,000.00 Cr","Being freight of maize supply is credited."
200,29,46038,2026-01-16 00:00:00.000,"Swastik Khushi International","Credit Note","236","Sales",500,"New Ref 236 500.00 Cr","Being freight of maize supply is credited."
201,29,46038,2026-01-16 00:00:00.000,"12100 Om Sai Khad Beej Bhandar","Credit Note","237","Sales",500,"New Ref 237 500.00 Cr","Being freight of maize supply is credited."
202,29,46043,2026-01-21 00:00:00.000,"Shushil Krishi Sewa Kendra","Credit Note","237","Sales",97000,"New Ref 237 97,000.00 Cr","Being stock return at etah godown."
209,30,46071,2026-02-18 00:00:00.000,"54100 Singh Khad Beej Bhandar","Credit Note","1450","Sales",491470,"New Ref 1450 4,91,470.00 Cr","Being stock return at Kaushambi godown."
218,31,46088,2026-03-07 00:00:00.000,"11100 Ravindra Agroteck","Credit Note","259","Sales",1500,"New Ref 259 1,500.00 Cr","Being freight of stock supply is credited.."
221,32,46088,2026-03-07 00:00:00.000,"13300 Bajrang Traders","Credit Note","256","Sales",400,"New Ref 256 400.00 Cr","Being freight of stock supply is credited."
227,32,46091,2026-03-10 00:00:00.000,"Sarita Traders","Credit Note","","Sales",58150,"New Ref BILL 58,150.00 Cr","Being damage stock claim settled."
228,32,46092,2026-03-11 00:00:00.000,"Shivam Seeds & Pesticides","Credit Note","270","Sales",100,"New Ref 270 100.00 Cr","Being freight of stock supply is credited."
234,33,46099,2026-03-18 00:00:00.000,"13300 Bajrang Traders","Credit Note","279","Sales",100,"New Ref 279 100.00 Cr","Being freight of stock supply is creditd."
241,34,46100,2026-03-19 00:00:00.000,"Om Javitri Devi Sahaya","Credit Note","286","Sales",300,"New Ref 286 300.00 Cr","Being freight of stock supply is credited."
248,35,46105,2026-03-24 00:00:00.000,"Girja Trading Company(Gaurav)","Credit Note","288","Sales",1000,"New Ref 288 1,000.00 Cr","Being freight of sock supply is credited."
249,35,46106,2026-03-25 00:00:00.000,"Kisan Krishi Sewa Kendra(Atroliya)","Credit Note","15","Sales",6500,"New Ref 15 6,500.00 Cr","Being freight of stock supply is credit."
